{"averageTrainLoss": [3.561759934468901, 2.997239411258262], "charErrorRates": [0.2088987764182425, 0.18620689655172415], "wordAccuracies": [0.5494276795005203, 0.5893166840097122]}